timestamp,frame,processing_ms,fps,cpu_percent,ram_mb,num_hands
2025-12-01T20:57:47.913406,0,55.251,4.18,29.0,12498.4,0
2025-12-01T20:57:48.814748,1,53.721,1.11,42.6,12514.8,0
2025-12-01T20:57:48.877967,2,48.905,15.76,73.3,12527.2,0
2025-12-01T20:57:48.925713,3,42.868,21.05,35.7,12533.1,0
2025-12-01T20:57:48.967950,4,37.399,23.56,23.5,12534.0,0
2025-12-01T20:57:48.998395,5,26.125,32.62,19.4,12524.9,0
2025-12-01T20:57:49.023244,6,21.279,40.23,17.2,12525.1,0
2025-12-01T20:57:49.047626,7,20.776,40.98,17.2,12525.4,0
2025-12-01T20:57:49.080112,8,28.723,30.84,13.5,12523.4,0
2025-12-01T20:57:49.115863,9,31.761,27.98,19.0,12523.4,0
2025-12-01T20:57:49.148073,10,28.166,31.02,15.8,12523.4,0
2025-12-01T20:57:49.184460,11,32.295,27.6,19.0,12523.7,0
2025-12-01T20:57:49.238742,12,49.806,18.36,90.6,12523.7,0
2025-12-01T20:57:49.308438,13,64.978,14.42,78.3,12524.2,0
2025-12-01T20:57:49.358545,14,35.535,19.96,59.3,12524.2,0
2025-12-01T20:57:49.406910,15,42.709,20.53,93.2,12524.8,0
2025-12-01T20:57:49.432499,16,21.637,39.47,20.7,12525.0,0
2025-12-01T20:57:49.466307,17,29.437,29.48,17.1,12525.0,0
2025-12-01T20:57:49.496832,18,26.616,32.67,13.9,12525.3,0
2025-12-01T20:57:49.525190,19,24.331,35.2,14.7,12525.3,0
2025-12-01T20:57:49.559428,20,30.639,29.23,10.3,12525.5,0
2025-12-01T20:57:49.590387,21,27.009,32.42,15.8,12525.8,0
2025-12-01T20:57:49.625507,22,31.268,28.36,14.3,12525.8,0
2025-12-01T20:57:49.653233,23,23.932,36.12,12.5,12525.8,0
2025-12-01T20:57:49.681058,24,24.006,35.97,12.1,12522.1,0
2025-12-01T20:57:49.707874,25,23.049,37.2,12.9,12522.1,0
2025-12-01T20:57:49.740410,26,28.784,30.78,13.2,12522.1,0
2025-12-01T20:57:49.772765,27,28.496,30.88,17.5,12522.3,0
2025-12-01T20:57:49.803928,28,27.102,32.24,11.4,12522.3,0
2025-12-01T20:57:49.833598,29,25.765,33.53,13.9,12522.0,0
2025-12-01T20:57:49.866248,30,28.951,30.65,15.4,12522.0,0
2025-12-01T20:57:49.898230,31,27.858,31.37,13.5,12520.6,0
2025-12-01T20:57:49.928401,32,26.543,33.02,16.7,12520.6,0
2025-12-01T20:57:49.956269,33,24.153,35.95,12.5,12520.6,0
2025-12-01T20:57:49.988959,34,28.496,30.69,15.4,12520.8,0
2025-12-01T20:57:50.019821,35,26.793,32.3,13.5,12520.8,0
2025-12-01T20:57:50.054578,36,30.548,28.82,14.6,12520.8,0
2025-12-01T20:57:50.083525,37,25.057,34.55,14.3,12520.8,0
2025-12-01T20:57:50.115503,38,27.688,31.26,17.9,12520.8,0
2025-12-01T20:57:50.153412,39,33.735,26.49,13.6,12520.8,0
2025-12-01T20:57:50.182970,40,25.881,33.58,14.3,12520.8,0
2025-12-01T20:57:50.213716,41,26.688,32.55,13.5,12520.8,0
2025-12-01T20:57:50.245979,42,27.912,30.95,13.2,12520.8,0
2025-12-01T20:57:50.277358,43,27.532,31.88,13.5,12520.8,0
2025-12-01T20:57:50.305848,44,24.53,35.2,15.2,12520.8,0
2025-12-01T20:57:50.340370,45,29.955,29.03,17.5,12521.1,0
2025-12-01T20:57:50.375938,46,30.918,28.04,18.6,12521.3,0
2025-12-01T20:57:50.406637,47,26.496,32.57,13.9,12521.3,0
2025-12-01T20:57:50.438691,48,27.597,31.18,15.4,12521.3,0
2025-12-01T20:57:50.474150,49,31.179,28.2,16.3,12521.3,0
2025-12-01T20:57:50.507509,50,29.325,30.01,10.5,12521.3,0
2025-12-01T20:57:50.541164,51,29.602,29.66,16.7,12521.5,0
2025-12-01T20:57:50.574236,52,29.134,30.27,10.8,12521.5,0
2025-12-01T20:57:50.605152,53,26.961,32.33,13.5,12521.5,0
2025-12-01T20:57:50.638097,54,27.814,30.35,13.2,12521.5,0
2025-12-01T20:57:50.672639,55,30.375,29.03,17.5,12521.3,0
2025-12-01T20:57:50.705509,56,28.979,30.35,14.6,12518.0,0
2025-12-01T20:57:50.737152,57,27.23,31.61,15.8,12518.3,0
2025-12-01T20:57:50.768601,58,26.745,31.73,8.6,12518.3,0
2025-12-01T20:57:50.800640,59,26.551,31.28,15.4,12518.4,0
2025-12-01T20:57:50.836616,60,26.365,27.76,9.5,12518.4,0
2025-12-01T20:57:50.867872,61,26.094,31.96,15.8,12518.4,0
2025-12-01T20:57:50.899536,62,25.428,31.69,13.2,12509.8,0
2025-12-01T20:57:50.938786,63,28.332,25.42,14.9,12510.5,0
2025-12-01T20:57:51.005351,64,62.105,15.08,14.1,12519.7,0
2025-12-01T20:57:51.113448,65,103.656,9.23,63.6,12520.5,0
2025-12-01T20:57:51.144595,66,27.469,32.16,11.1,12520.5,0
2025-12-01T20:57:51.202732,67,54.22,17.18,11.6,12520.5,1
2025-12-01T20:57:51.252971,68,46.234,19.92,11.7,12520.5,1
2025-12-01T20:57:51.303904,69,46.606,19.63,12.9,12520.5,1
2025-12-01T20:57:51.357610,70,49.689,18.62,9.5,12520.5,1
2025-12-01T20:57:51.408972,71,47.438,19.49,14.8,12520.5,1
2025-12-01T20:57:51.459592,72,46.334,19.8,13.1,12520.5,1
2025-12-01T20:57:51.508578,73,44.972,20.43,15.3,12520.5,1
2025-12-01T20:57:51.557808,74,45.297,20.21,11.9,12520.5,1
2025-12-01T20:57:51.609935,75,48.379,19.2,11.3,12520.5,1
2025-12-01T20:57:51.661834,76,47.86,19.28,11.5,12520.5,1
2025-12-01T20:57:51.706020,77,40.059,22.59,13.0,12520.5,1
2025-12-01T20:57:51.750315,78,40.444,22.59,11.5,12521.0,1
2025-12-01T20:57:51.796730,79,42.694,21.54,12.5,12521.0,1
2025-12-01T20:57:51.840317,80,39.846,22.95,11.5,12521.0,1
2025-12-01T20:57:51.885885,81,41.71,21.97,11.3,12521.2,1
2025-12-01T20:57:51.940491,82,50.28,18.36,13.8,12521.2,1
2025-12-01T20:57:51.993575,83,49.47,18.79,23.8,12521.2,1
2025-12-01T20:57:52.050431,84,51.951,17.62,37.3,12521.2,1
2025-12-01T20:57:52.095545,85,40.828,22.12,41.1,12521.7,1
2025-12-01T20:57:52.165121,86,65.853,14.37,50.0,12521.7,1
2025-12-01T20:57:52.208049,87,39.202,23.26,39.2,12521.7,1
2025-12-01T20:57:52.262982,88,51.277,18.2,26.9,12521.7,1
2025-12-01T20:57:52.307956,89,41.183,22.24,9.6,12521.7,1
2025-12-01T20:57:52.354834,90,43.126,21.33,12.5,12521.7,1
2025-12-01T20:57:52.400343,91,41.808,21.98,12.7,12521.7,1
2025-12-01T20:57:52.449787,92,45.686,20.25,10.2,12521.7,1
2025-12-01T20:57:52.500698,93,46.784,19.63,11.7,12521.7,1
2025-12-01T20:57:52.554516,94,49.714,18.58,21.2,12515.7,1
2025-12-01T20:57:52.606669,95,48.251,19.17,11.5,12516.5,1
2025-12-01T20:57:52.656188,96,45.78,20.22,10.2,12516.5,1
2025-12-01T20:57:52.702682,97,42.786,21.5,10.9,12516.5,1
2025-12-01T20:57:52.750908,98,44.295,20.72,12.1,12516.8,1
2025-12-01T20:57:52.806838,99,51.727,17.9,11.9,12516.8,1
2025-12-01T20:57:52.853130,100,42.328,21.6,10.9,12516.8,1
2025-12-01T20:57:52.912603,101,55.643,16.82,10.0,12516.9,1
2025-12-01T20:57:52.967575,102,50.783,18.24,12.3,12516.9,1
2025-12-01T20:57:53.031664,103,59.23,15.6,18.2,12514.5,1
2025-12-01T20:57:53.080950,104,45.463,20.23,11.9,12514.8,1
2025-12-01T20:57:53.140512,105,55.543,16.79,11.4,12514.8,1
2025-12-01T20:57:53.195443,106,50.797,18.2,10.8,12514.8,1
2025-12-01T20:57:53.246612,107,47.01,19.56,10.0,12514.8,1
2025-12-01T20:57:53.292726,108,42.531,21.63,12.5,12514.8,1
2025-12-01T20:57:53.345702,109,49.16,18.89,14.3,12514.8,1
2025-12-01T20:57:53.389989,110,39.795,22.59,11.3,12514.8,1
2025-12-01T20:57:53.434876,111,40.972,22.28,9.6,12514.8,1
2025-12-01T20:57:53.486462,112,47.213,19.37,11.3,12514.8,1
2025-12-01T20:57:53.529652,113,39.553,23.14,11.8,12514.8,1
2025-12-01T20:57:53.580315,114,46.977,19.76,13.3,12514.8,1
2025-12-01T20:57:53.626720,115,42.619,21.53,11.1,12514.8,1
2025-12-01T20:57:53.675642,116,45.216,20.46,13.3,12514.8,1
2025-12-01T20:57:53.723007,117,43.375,21.11,12.3,12514.8,1
2025-12-01T20:57:53.770118,118,42.99,21.23,10.7,12514.8,1
2025-12-01T20:57:53.821639,119,47.524,19.46,10.0,12514.8,1
2025-12-01T20:57:53.876820,120,51.399,18.08,12.1,12514.8,1
2025-12-01T20:57:53.931889,121,51.089,18.16,12.1,12514.8,1
2025-12-01T20:57:53.980705,122,44.93,20.47,12.1,12514.8,1
2025-12-01T20:57:54.028015,123,43.322,21.16,12.3,12514.8,1
2025-12-01T20:57:54.072666,124,40.801,22.37,11.3,12514.8,1
2025-12-01T20:57:54.121171,125,44.698,20.64,12.1,12514.8,1
2025-12-01T20:57:54.173811,126,48.723,19.0,11.3,12514.8,1
2025-12-01T20:57:54.220630,127,42.832,21.36,12.3,12514.8,1
2025-12-01T20:57:54.262437,128,37.523,23.9,14.0,12514.8,1
2025-12-01T20:57:54.309802,129,43.658,21.13,10.7,12514.8,1
2025-12-01T20:57:54.356179,130,42.211,21.54,12.5,12514.8,1
2025-12-01T20:57:54.400317,131,40.248,22.66,11.3,12514.8,1
2025-12-01T20:57:54.446477,132,42.102,21.74,11.1,12514.8,1
2025-12-01T20:57:54.495807,133,45.454,20.2,13.3,12514.8,1
2025-12-01T20:57:54.543405,134,43.745,21.01,12.3,12514.8,1
2025-12-01T20:57:54.593689,135,46.596,19.88,11.7,12514.8,1
2025-12-01T20:57:54.642984,136,45.489,20.31,10.3,12514.8,1
2025-12-01T20:57:54.690343,137,43.073,21.12,12.3,12514.8,1
2025-12-01T20:57:54.744455,138,49.96,18.46,10.9,12514.8,1
2025-12-01T20:57:54.799481,139,51.366,18.17,12.1,12514.8,1
2025-12-01T20:57:54.845457,140,42.313,21.76,10.9,12514.8,1
2025-12-01T20:57:54.890576,141,41.379,22.15,11.3,12514.8,1
2025-12-01T20:57:54.933815,142,39.52,23.16,11.5,12514.8,1
2025-12-01T20:57:54.980074,143,42.071,21.63,14.3,12514.7,0
2025-12-01T20:57:55.009155,144,24.79,34.37,17.1,12515.3,0
2025-12-01T20:57:55.047398,145,34.399,26.15,18.2,12520.2,0
2025-12-01T20:57:55.078052,146,26.677,32.77,17.1,12520.6,0
2025-12-01T20:57:55.113696,147,31.144,28.02,16.7,12520.6,0
2025-12-01T20:57:55.151875,148,33.962,26.15,26.7,12524.6,0
2025-12-01T20:57:55.220082,149,62.838,14.69,53.7,12543.4,0
2025-12-01T20:57:55.262557,150,38.12,23.43,31.4,12534.6,0
2025-12-01T20:57:55.299830,151,33.327,26.85,20.5,12534.9,0
2025-12-01T20:57:55.343526,152,39.561,22.92,19.2,12534.7,0
2025-12-01T20:57:55.381818,153,34.046,26.11,18.2,12534.9,0
2025-12-01T20:57:55.425568,154,39.623,22.82,17.6,12534.9,0
2025-12-01T20:57:55.461949,155,32.395,27.48,18.6,12534.9,0
2025-12-01T20:57:55.502333,156,36.063,24.97,16.7,12535.2,0
2025-12-01T20:57:55.543669,157,36.237,24.01,16.3,12535.4,0
2025-12-01T20:57:55.581389,158,33.644,26.53,17.4,12535.4,0
2025-12-01T20:57:55.623417,159,37.893,23.78,16.0,12535.5,0
2025-12-01T20:57:55.657711,160,29.769,29.15,19.0,12535.5,0
2025-12-01T20:57:55.693103,161,31.083,28.33,19.0,12535.5,0
2025-12-01T20:57:55.728777,162,31.069,27.97,19.0,12536.2,0
2025-12-01T20:57:55.773025,163,39.905,22.72,25.5,12536.7,0
2025-12-01T20:57:55.809642,164,28.745,27.11,27.3,12536.2,0
2025-12-01T20:57:55.846222,165,29.231,27.39,18.6,12536.5,0
2025-12-01T20:57:55.894935,166,42.772,20.51,17.2,12536.7,0
2025-12-01T20:57:55.936046,167,34.751,24.33,16.7,12536.8,0
2025-12-01T20:57:55.971976,168,30.874,27.88,16.7,12523.0,0
2025-12-01T20:57:56.008274,169,30.676,27.59,25.0,12523.7,0
2025-12-01T20:57:56.046787,170,33.001,25.97,15.6,12523.7,0
2025-12-01T20:57:56.090613,171,37.09,22.82,17.3,12523.7,0
2025-12-01T20:57:56.134561,172,36.948,22.68,17.6,12523.9,0
2025-12-01T20:57:56.175478,173,34.297,24.5,18.7,12524.1,0
2025-12-01T20:57:56.215706,174,32.871,24.92,18.8,12524.1,0
2025-12-01T20:57:56.264934,175,40.394,20.26,20.3,12524.1,0
2025-12-01T20:57:56.309144,176,37.438,22.63,19.2,12524.1,0
2025-12-01T20:57:56.349770,177,33.4,24.62,14.9,12524.1,0
2025-12-01T20:57:56.400728,178,44.419,19.65,16.9,12519.3,0
2025-12-01T20:57:56.445727,179,37.9,22.2,18.9,12519.3,0
2025-12-01T20:57:56.491901,180,38.719,21.61,18.2,12519.5,0
2025-12-01T20:57:56.531572,181,33.616,25.18,17.4,12519.0,0
2025-12-01T20:57:56.589672,182,52.237,17.25,18.8,12519.2,0
2025-12-01T20:57:56.633075,183,37.499,23.06,14.0,12519.2,0
2025-12-01T20:57:56.667285,184,29.525,29.09,17.1,12519.2,0
2025-12-01T20:57:56.698464,185,26.977,32.06,16.2,12519.2,0
2025-12-01T20:57:56.724321,186,21.393,38.68,13.3,12519.1,0
2025-12-01T20:57:56.748438,187,19.924,41.46,17.9,12519.1,0
2025-12-01T20:57:56.783082,188,29.65,28.95,14.6,12519.1,0
2025-12-01T20:57:56.822159,189,34.77,25.6,17.0,12519.1,0
2025-12-01T20:57:56.863512,190,36.119,24.19,12.8,12519.1,0
2025-12-01T20:57:56.900193,191,31.566,27.27,15.9,12510.4,0
2025-12-01T20:57:56.929875,192,24.323,33.69,17.6,12509.8,0
2025-12-01T20:57:56.961622,193,27.435,31.61,15.8,12509.7,0
2025-12-01T20:57:56.995566,194,29.133,29.36,15.0,12509.7,0
2025-12-01T20:57:57.030169,195,29.243,28.85,12.5,12510.0,0
2025-12-01T20:57:57.070729,196,35.677,24.74,22.4,12521.1,0
2025-12-01T20:57:57.107646,197,31.454,27.03,16.3,12514.4,0
2025-12-01T20:57:57.140590,198,28.079,30.32,15.0,12514.4,0
2025-12-01T20:57:57.174638,199,29.182,29.36,15.0,12514.4,0
2025-12-01T20:57:57.207817,200,28.407,30.15,19.5,12514.4,0
2025-12-01T20:57:57.239634,201,26.396,31.46,13.5,12514.4,0
2025-12-01T20:57:57.272623,202,28.806,30.21,10.5,12514.4,0
2025-12-01T20:57:57.305340,203,27.848,30.68,17.1,12514.4,0
2025-12-01T20:57:57.341606,204,31.005,27.59,14.3,12514.4,0
2025-12-01T20:57:57.374437,205,27.88,30.41,15.0,12514.4,0
2025-12-01T20:57:57.405477,206,26.075,32.22,13.9,12514.4,0
2025-12-01T20:57:57.439663,207,30.09,29.22,14.3,12514.4,0
2025-12-01T20:57:57.472490,208,28.031,30.51,15.4,12514.4,0
2025-12-01T20:57:57.501941,209,24.686,33.96,14.3,12514.4,0
2025-12-01T20:57:57.537848,210,30.596,27.83,14.3,12514.4,0
2025-12-01T20:57:57.576672,211,33.637,25.78,15.2,12514.4,0
2025-12-01T20:57:57.615974,212,32.127,25.4,17.0,12515.0,0
2025-12-01T20:57:57.658819,213,35.063,23.32,17.0,12515.0,0
2025-12-01T20:57:57.697913,214,34.223,25.61,11.1,12515.4,0
2025-12-01T20:57:57.732706,215,29.507,28.76,17.1,12515.4,0
2025-12-01T20:57:57.768621,216,30.515,27.82,14.3,12515.4,0
2025-12-01T20:57:57.804599,217,31.085,27.77,14.3,12515.4,0
2025-12-01T20:57:57.839389,218,29.938,28.76,16.7,12515.4,0
2025-12-01T20:57:57.876313,219,30.499,27.14,18.2,12515.7,0
2025-12-01T20:57:57.917573,220,36.452,24.21,18.7,12515.0,0
2025-12-01T20:57:57.962485,221,39.508,22.35,20.8,12515.0,0
2025-12-01T20:57:57.998708,222,31.428,27.51,14.0,12515.0,0
2025-12-01T20:57:58.032386,223,28.13,29.69,15.0,12515.0,0
2025-12-01T20:57:58.069288,224,31.749,27.11,14.0,12515.0,0
2025-12-01T20:57:58.105359,225,31.493,27.7,12.2,12515.0,0
2025-12-01T20:57:58.139038,226,28.459,29.65,15.0,12515.0,0
2025-12-01T20:57:58.168927,227,24.996,33.39,14.3,12515.0,0
2025-12-01T20:57:58.201655,228,28.184,30.62,13.2,12515.0,0
2025-12-01T20:57:58.236382,229,29.371,28.81,17.1,12515.0,0
2025-12-01T20:57:58.266643,230,25.684,32.96,11.4,12515.0,0
2025-12-01T20:57:58.302041,231,30.932,28.31,16.7,12515.0,0
2025-12-01T20:57:58.335053,232,29.166,30.25,13.2,12515.0,0
2025-12-01T20:57:58.366314,233,27.463,31.99,13.5,12515.0,0
2025-12-01T20:57:58.401177,234,30.209,28.7,12.5,12515.2,0
2025-12-01T20:57:58.434353,235,28.286,30.19,12.8,12515.2,0
2025-12-01T20:57:58.465701,236,27.137,31.83,16.2,12515.2,0
2025-12-01T20:57:58.498442,237,27.889,30.53,15.0,12515.2,0
2025-12-01T20:57:58.532171,238,29.208,29.71,15.0,12515.2,0
2025-12-01T20:57:58.571667,239,34.901,25.3,13.0,12515.5,0
2025-12-01T20:57:58.604488,240,28.372,30.47,15.4,12516.0,0
2025-12-01T20:57:58.636730,241,27.874,30.96,13.2,12516.0,0
2025-12-01T20:57:58.668381,242,27.376,31.68,11.1,12516.0,0
2025-12-01T20:57:58.701340,243,29.0,30.31,15.0,12516.0,0
2025-12-01T20:57:58.731990,244,26.963,32.6,16.2,12516.0,0
2025-12-01T20:57:58.762034,245,25.564,33.35,11.4,12516.0,0
2025-12-01T20:57:58.795823,246,29.196,29.54,17.1,12516.0,0
2025-12-01T20:57:58.827742,247,27.344,31.34,13.5,12516.0,0
2025-12-01T20:57:58.862400,248,29.999,28.87,16.7,12516.0,0
2025-12-01T20:57:58.895378,249,29.034,30.29,13.2,12516.0,0
2025-12-01T20:57:58.927180,250,28.151,31.47,13.2,12516.0,0
2025-12-01T20:57:58.961580,251,29.828,29.05,17.1,12516.0,0
2025-12-01T20:57:58.994017,252,27.852,30.93,13.2,12516.0,0
2025-12-01T20:57:59.023465,253,24.396,33.92,17.1,12516.0,0
2025-12-01T20:57:59.061523,254,33.041,26.27,13.6,12516.0,0
2025-12-01T20:57:59.092624,255,26.758,32.2,18.9,12517.9,0
2025-12-01T20:57:59.128698,256,30.571,27.69,16.7,12519.6,0
2025-12-01T20:57:59.161980,257,28.086,30.05,15.4,12519.9,0
2025-12-01T20:57:59.192243,258,24.982,33.06,13.9,12519.9,0
2025-12-01T20:57:59.220896,259,23.188,34.98,14.7,12519.9,0
2025-12-01T20:57:59.248748,260,22.688,35.93,15.2,12519.9,0
2025-12-01T20:57:59.274814,261,22.247,38.05,16.1,12519.9,0
2025-12-01T20:57:59.306484,262,26.793,31.67,13.5,12519.9,0
2025-12-01T20:57:59.342155,263,30.912,27.98,16.3,12519.9,0
2025-12-01T20:57:59.372535,264,25.589,32.89,16.2,12519.9,0
2025-12-01T20:57:59.397428,265,20.572,40.2,13.8,12519.9,0
2025-12-01T20:57:59.425938,266,24.741,35.1,17.1,12519.9,0
2025-12-01T20:57:59.463536,267,33.026,26.59,13.3,12519.9,0
2025-12-01T20:57:59.496463,268,28.041,30.44,15.4,12519.9,0
2025-12-01T20:57:59.532354,269,29.167,27.87,14.0,12519.9,0
2025-12-01T20:57:59.562752,270,26.367,32.78,13.9,12519.9,0
2025-12-01T20:57:59.593631,271,26.502,32.49,13.5,12519.9,0
2025-12-01T20:57:59.631738,272,32.898,26.4,13.3,12519.9,0
2025-12-01T20:57:59.665089,273,28.476,29.78,15.0,12520.1,0
2025-12-01T20:57:59.700661,274,31.361,28.05,11.9,12520.1,0
2025-12-01T20:57:59.730912,275,25.856,33.14,14.3,12520.1,0
2025-12-01T20:57:59.762229,276,27.03,31.93,15.8,12520.3,0
2025-12-01T20:57:59.791333,277,25.022,34.3,14.3,12520.3,0
2025-12-01T20:57:59.822523,278,26.674,32.1,11.1,12520.3,0
2025-12-01T20:57:59.856752,279,29.734,29.17,15.0,12520.3,0
2025-12-01T20:57:59.888194,280,27.091,31.81,13.5,12519.8,0
2025-12-01T20:57:59.922627,281,29.446,29.16,14.6,12519.8,0
2025-12-01T20:57:59.956530,282,29.89,29.36,14.6,12519.8,0
2025-12-01T20:57:59.983524,283,21.962,37.02,15.6,12519.8,0
2025-12-01T20:58:00.021742,284,33.77,26.2,15.6,12519.8,0
2025-12-01T20:58:00.053924,285,27.39,31.03,17.5,12519.8,0
2025-12-01T20:58:00.084397,286,25.767,32.83,13.9,12519.8,0
2025-12-01T20:58:00.120552,287,31.789,27.72,11.9,12519.8,0
2025-12-01T20:58:00.151884,288,26.725,31.92,16.2,12519.8,0
2025-12-01T20:58:00.190153,289,32.087,26.09,13.3,12519.8,0
2025-12-01T20:58:00.220148,290,25.696,33.44,11.4,12519.8,0
2025-12-01T20:58:00.254701,291,30.472,28.87,14.6,12519.8,0
2025-12-01T20:58:00.285429,292,26.826,32.54,13.5,12519.8,0
2025-12-01T20:58:00.316902,293,26.505,31.83,13.5,12519.8,0
2025-12-01T20:58:00.354096,294,30.836,26.89,15.9,12519.8,0
2025-12-01T20:58:00.386281,295,27.218,31.08,10.8,12519.8,0
2025-12-01T20:58:00.423641,296,32.569,26.72,15.6,12519.8,0
2025-12-01T20:58:00.455049,297,26.949,31.89,15.8,12519.8,0
2025-12-01T20:58:00.488600,298,28.628,29.83,10.5,12519.9,0
2025-12-01T20:58:00.521589,299,28.793,30.35,17.9,12519.9,0
2025-12-01T20:58:00.555522,300,28.878,29.35,14.6,12519.9,0
2025-12-01T20:58:00.587737,301,27.669,31.12,15.8,12519.9,0
2025-12-01T20:58:00.622998,302,30.972,28.34,16.7,12519.9,0
2025-12-01T20:58:00.661231,303,33.803,26.15,15.6,12519.9,0
2025-12-01T20:58:00.696720,304,30.63,28.16,14.3,12519.6,0
2025-12-01T20:58:00.732307,305,30.708,28.16,20.9,12519.3,0
2025-12-01T20:58:00.771341,306,33.997,25.59,13.6,12519.3,0
2025-12-01T20:58:00.801414,307,25.542,33.2,16.2,12519.3,0
2025-12-01T20:58:00.836177,308,30.583,28.75,14.3,12519.3,0
2025-12-01T20:58:00.862440,309,21.921,38.21,10.3,12519.3,0
2025-12-01T20:58:00.896906,310,29.629,29.03,14.6,12519.3,0
2025-12-01T20:58:00.932241,311,29.166,28.31,14.3,12519.3,0
2025-12-01T20:58:00.966310,312,30.195,29.27,12.5,12519.3,0
2025-12-01T20:58:00.999455,313,29.403,30.18,12.8,12519.3,0
2025-12-01T20:58:01.030567,314,26.418,32.23,13.9,12519.3,0
2025-12-01T20:58:01.064659,315,29.103,29.31,14.6,12519.3,0
2025-12-01T20:58:01.104475,316,32.633,25.3,17.0,12519.3,0
2025-12-01T20:58:01.142310,317,32.625,26.29,28.9,12525.3,0
2025-12-01T20:58:01.177134,318,29.682,28.6,17.5,12525.3,0
2025-12-01T20:58:01.213491,319,31.784,27.57,15.9,12525.3,0
2025-12-01T20:58:01.248353,320,30.648,28.78,15.0,12515.6,0
2025-12-01T20:58:01.283811,321,31.361,28.01,16.3,12515.6,0
2025-12-01T20:58:01.321657,322,33.478,26.43,14.0,12515.6,0
2025-12-01T20:58:01.357732,323,31.845,27.76,23.3,12516.5,0
2025-12-01T20:58:01.390720,324,28.744,30.27,13.2,12516.6,0
2025-12-01T20:58:01.418443,325,23.822,36.05,20.6,12516.6,0
2025-12-01T20:58:01.450443,326,28.315,31.27,15.4,12516.6,0
2025-12-01T20:58:01.479618,327,25.414,34.38,11.8,12516.6,0
2025-12-01T20:58:01.511958,328,27.543,30.88,15.4,12516.6,0
2025-12-01T20:58:01.546809,329,29.777,28.69,14.6,12516.6,0
2025-12-01T20:58:01.579100,330,27.101,30.98,13.5,12516.6,0
2025-12-01T20:58:01.612668,331,28.482,29.79,15.0,12516.6,0
2025-12-01T20:58:01.644091,332,27.172,31.81,11.1,12516.6,0
2025-12-01T20:58:01.673680,333,25.544,33.81,13.9,12516.6,0
2025-12-01T20:58:01.710623,334,32.46,27.02,14.0,12516.6,0
2025-12-01T20:58:01.747901,335,32.754,26.9,17.4,12514.2,0
2025-12-01T20:58:01.781964,336,28.039,29.31,17.1,12514.2,0
2025-12-01T20:58:01.814779,337,28.715,30.48,10.8,12514.2,0
2025-12-01T20:58:01.847806,338,28.155,30.28,17.1,12514.2,0
2025-12-01T20:58:01.881860,339,29.098,29.38,12.5,12514.2,0
2025-12-01T20:58:01.917732,340,30.757,27.91,14.3,12514.2,0
2025-12-01T20:58:01.951947,341,29.053,29.14,12.5,12514.2,0
2025-12-01T20:58:01.987726,342,28.214,28.0,16.3,12514.2,0
2025-12-01T20:58:02.027628,343,34.724,25.07,18.7,12514.5,0
2025-12-01T20:58:02.069659,344,36.613,23.78,19.6,12514.5,0
2025-12-01T20:58:02.105069,345,30.47,28.22,12.2,12514.5,0
2025-12-01T20:58:02.137386,346,28.401,30.96,13.2,12514.5,0
2025-12-01T20:58:02.172613,347,28.498,28.4,14.6,12514.5,0
2025-12-01T20:58:02.199253,348,22.594,37.55,18.7,12514.5,0
2025-12-01T20:58:02.225154,349,21.375,38.48,18.7,12514.5,0
2025-12-01T20:58:02.264577,350,35.046,25.37,13.0,12514.2,0
2025-12-01T20:58:02.296596,351,27.357,31.22,15.8,12514.2,0
2025-12-01T20:58:02.333786,352,32.73,26.95,15.9,12514.2,0
2025-12-01T20:58:02.371714,353,32.736,26.37,15.6,12514.5,0
2025-12-01T20:58:02.403797,354,27.858,31.1,13.5,12514.5,0
2025-12-01T20:58:02.438633,355,30.115,28.74,16.7,12514.5,0
2025-12-01T20:58:02.473816,356,30.235,28.41,14.3,12514.5,0
2025-12-01T20:58:02.508394,357,29.949,28.9,14.6,12514.5,0
2025-12-01T20:58:02.544084,358,31.022,28.02,12.2,12514.5,0
2025-12-01T20:58:02.578094,359,29.059,29.45,12.8,12514.5,0
2025-12-01T20:58:02.612794,360,29.617,28.76,16.3,12514.5,0
2025-12-01T20:58:02.644398,361,26.964,31.76,11.4,12514.5,0
2025-12-01T20:58:02.678241,362,29.075,29.54,14.6,12512.2,0
2025-12-01T20:58:02.719846,363,36.975,24.09,16.7,12512.2,0
2025-12-01T20:58:02.760111,364,34.77,24.81,14.9,12513.2,0
2025-12-01T20:58:02.804963,365,38.429,22.28,17.0,12512.9,0
2025-12-01T20:58:02.849502,366,38.583,22.59,18.5,12513.2,0
2025-12-01T20:58:02.888194,367,32.489,25.65,15.6,12513.2,0
2025-12-01T20:58:02.923665,368,30.045,28.32,12.5,12513.2,0
2025-12-01T20:58:02.956762,369,28.831,30.01,15.0,12515.1,0
2025-12-01T20:58:02.990382,370,29.607,29.72,17.1,12515.4,0
2025-12-01T20:58:03.021363,371,27.105,32.32,17.1,12515.4,0
2025-12-01T20:58:03.059147,372,32.541,26.54,22.2,12515.7,0
2025-12-01T20:58:03.091354,373,27.317,30.95,13.5,12515.7,0
2025-12-01T20:58:03.126316,374,30.003,28.64,14.3,12515.7,0
2025-12-01T20:58:03.161593,375,30.372,28.43,15.0,12516.3,0
2025-12-01T20:58:03.200135,376,33.548,25.88,23.9,12514.9,0
2025-12-01T20:58:03.237410,377,32.374,26.79,14.0,12514.9,0
2025-12-01T20:58:03.268731,378,27.009,31.84,15.8,12514.9,0
2025-12-01T20:58:03.295544,379,22.382,37.45,16.1,12514.9,0
2025-12-01T20:58:03.331056,380,30.288,28.18,14.3,12514.9,0
2025-12-01T20:58:03.363034,381,27.621,31.2,13.2,12514.9,0
2025-12-01T20:58:03.396790,382,29.024,29.61,12.8,12514.9,0
2025-12-01T20:58:03.437271,383,35.766,24.8,14.3,12514.9,0
2025-12-01T20:58:03.471312,384,29.119,29.27,12.8,12514.9,0
2025-12-01T20:58:03.501530,385,26.009,33.03,13.9,12514.9,0
2025-12-01T20:58:03.532153,386,26.161,32.74,13.9,12514.9,0
2025-12-01T20:58:03.568226,387,30.816,27.73,14.3,12514.9,0
2025-12-01T20:58:03.605048,388,31.872,27.14,13.6,12514.9,0
2025-12-01T20:58:03.637305,389,27.142,31.04,15.8,12514.9,0
2025-12-01T20:58:03.673106,390,30.875,27.88,14.3,12515.1,0
2025-12-01T20:58:03.708314,391,30.515,28.39,14.3,12513.6,0
2025-12-01T20:58:03.743133,392,30.201,28.69,14.6,12513.2,0
2025-12-01T20:58:03.779266,393,31.451,27.7,14.3,12513.2,0
2025-12-01T20:58:03.815274,394,31.15,27.78,16.7,12513.2,0
2025-12-01T20:58:03.851916,395,32.046,27.28,14.0,12513.5,0
2025-12-01T20:58:03.886301,396,30.182,29.15,12.8,12513.7,0
2025-12-01T20:58:03.920617,397,29.41,29.13,16.7,12513.2,0
2025-12-01T20:58:03.953620,398,27.956,30.28,13.2,12513.3,0
2025-12-01T20:58:03.989955,399,31.295,27.67,20.9,12513.3,0
2025-12-01T20:58:04.019258,400,24.289,33.92,17.1,12513.3,0
2025-12-01T20:58:04.047607,401,24.44,35.26,12.1,12513.3,0
2025-12-01T20:58:04.079044,402,27.123,31.74,16.2,12513.3,0
2025-12-01T20:58:04.111298,403,26.979,31.11,13.2,12513.3,0
2025-12-01T20:58:04.142447,404,26.797,32.02,13.5,12513.3,0
2025-12-01T20:58:04.173374,405,27.097,32.34,16.2,12513.3,0
2025-12-01T20:58:04.205545,406,27.617,31.05,13.2,12513.3,0
2025-12-01T20:58:04.237932,407,28.517,30.89,13.5,12513.3,0
2025-12-01T20:58:04.268960,408,26.112,32.23,13.5,12513.3,0
2025-12-01T20:58:04.305352,409,32.042,27.48,16.3,12513.3,0
2025-12-01T20:58:04.337290,410,28.121,31.32,13.2,12513.3,0
2025-12-01T20:58:04.369301,411,27.722,31.23,13.2,12513.3,0
2025-12-01T20:58:04.400654,412,27.026,31.9,16.2,12513.3,0
2025-12-01T20:58:04.436344,413,30.655,28.05,18.6,12513.3,0
2025-12-01T20:58:04.466882,414,25.867,32.65,11.4,12513.3,0
2025-12-01T20:58:04.498732,415,27.61,31.39,15.8,12513.3,0
2025-12-01T20:58:04.528951,416,25.993,33.14,14.3,12513.3,0
2025-12-01T20:58:04.563569,417,30.536,28.87,14.3,12513.3,0
2025-12-01T20:58:04.604683,418,33.377,24.36,12.8,12513.5,0
2025-12-01T20:58:04.643903,419,33.38,25.52,18.4,12513.4,0
2025-12-01T20:58:04.681061,420,31.847,27.02,23.3,12513.4,0
2025-12-01T20:58:04.718356,421,31.339,26.71,14.0,12513.4,0
2025-12-01T20:58:04.755537,422,32.074,26.89,17.8,12511.7,0
2025-12-01T20:58:04.793518,423,32.933,26.34,15.2,12511.5,0
2025-12-01T20:58:04.828604,424,30.092,28.53,14.3,12512.3,0
2025-12-01T20:58:04.861800,425,27.771,30.06,13.2,12512.3,0
2025-12-01T20:58:04.896816,426,30.773,28.5,14.0,12512.3,0
2025-12-01T20:58:04.928654,427,27.243,31.44,13.5,12512.3,0
2025-12-01T20:58:04.962446,428,28.753,29.63,15.0,12512.3,0
2025-12-01T20:58:04.994640,429,28.184,31.0,15.8,12512.3,0
2025-12-01T20:58:05.027719,430,28.471,30.32,17.9,12512.3,0
2025-12-01T20:58:05.062421,431,30.19,28.82,23.8,12512.3,0
2025-12-01T20:58:05.096230,432,28.427,29.6,24.4,12512.3,0
2025-12-01T20:58:05.122020,433,21.551,38.7,13.8,12512.3,0
2025-12-01T20:58:05.155573,434,28.483,29.82,15.0,12512.3,0
2025-12-01T20:58:05.191189,435,30.495,28.07,16.7,12512.3,0
2025-12-01T20:58:05.240379,436,43.555,20.35,22.4,12510.0,0
2025-12-01T20:58:05.275299,437,29.386,28.58,17.5,12510.0,0
2025-12-01T20:58:05.312667,438,33.71,26.94,18.2,12503.4,0
2025-12-01T20:58:05.365555,439,45.083,18.89,19.0,12503.4,0
2025-12-01T20:58:05.407996,440,36.314,23.5,14.3,12503.4,0
2025-12-01T20:58:05.454300,441,40.181,21.61,21.4,12503.4,0
2025-12-01T20:58:05.498854,442,38.728,22.44,24.5,12503.4,0
2025-12-01T20:58:05.528844,443,24.832,33.23,20.0,12503.6,0
2025-12-01T20:58:05.561856,444,27.771,30.29,12.8,12503.8,0
2025-12-01T20:58:05.605772,445,38.266,22.77,15.4,12504.1,0
2025-12-01T20:58:05.644127,446,33.013,26.18,15.2,12504.1,0
2025-12-01T20:58:05.685396,447,36.065,24.21,16.3,12504.4,0
2025-12-01T20:58:05.728200,448,36.386,23.36,18.0,12504.4,0
2025-12-01T20:58:05.771716,449,37.353,22.97,24.5,12504.4,0
2025-12-01T20:58:05.808716,450,31.302,27.05,21.4,12504.4,0
2025-12-01T20:58:05.845023,451,31.739,27.44,16.3,12504.7,0
2025-12-01T20:58:05.886513,452,37.309,24.08,16.3,12504.4,0
2025-12-01T20:58:05.918177,453,27.705,31.58,18.4,12504.4,0
2025-12-01T20:58:05.953227,454,31.201,28.58,12.2,12504.4,0
2025-12-01T20:58:05.985270,455,28.19,31.28,13.9,12504.4,0
2025-12-01T20:58:06.019610,456,29.958,29.03,17.1,12504.4,0
2025-12-01T20:58:06.051484,457,27.498,31.38,15.8,12504.4,0
2025-12-01T20:58:06.087294,458,31.179,27.97,12.2,12504.4,0
2025-12-01T20:58:06.122299,459,30.16,28.55,14.6,12504.5,0
2025-12-01T20:58:06.158741,460,31.477,27.44,18.2,12504.5,0
2025-12-01T20:58:06.191429,461,28.075,30.51,15.8,12504.5,0
2025-12-01T20:58:06.222138,462,26.371,32.6,16.2,12504.5,0
2025-12-01T20:58:06.257558,463,31.382,28.24,12.5,12504.5,0
2025-12-01T20:58:06.292541,464,30.297,28.59,18.6,12504.5,0
2025-12-01T20:58:06.330538,465,33.183,26.35,15.6,12504.5,0
2025-12-01T20:58:06.362763,466,27.58,30.91,15.8,12504.5,0
2025-12-01T20:58:06.394933,467,27.877,31.09,15.8,12504.5,0
2025-12-01T20:58:06.455692,468,53.021,17.2,82.4,12512.5,0
2025-12-01T20:58:06.524740,469,60.494,13.99,54.1,12516.5,0
2025-12-01T20:58:06.576305,470,43.344,19.39,29.0,12522.7,0
2025-12-01T20:58:06.630889,471,48.126,18.33,19.0,12526.4,0
2025-12-01T20:58:06.674039,472,37.834,23.12,15.7,12526.4,0
2025-12-01T20:58:06.717968,473,38.694,22.79,21.2,12527.4,0
2025-12-01T20:58:06.753732,474,30.499,27.97,16.3,12527.4,0
2025-12-01T20:58:06.796192,475,36.984,23.56,14.3,12527.4,0
2025-12-01T20:58:06.831712,476,30.042,28.14,16.3,12527.4,0
2025-12-01T20:58:06.867181,477,29.864,28.19,12.2,12528.2,0
2025-12-01T20:58:06.900769,478,28.491,29.74,15.4,12528.2,0
2025-12-01T20:58:06.976659,479,70.23,13.17,76.7,12528.4,0
2025-12-01T20:58:07.020104,480,39.122,22.98,48.0,12497.7,0
2025-12-01T20:58:07.053502,481,28.63,30.2,25.6,12497.7,0
2025-12-01T20:58:07.082738,482,24.626,33.92,26.5,12497.5,0
2025-12-01T20:58:07.109648,483,22.489,37.37,18.7,12498.1,0
2025-12-01T20:58:07.149999,484,35.55,24.79,18.8,12499.2,0
2025-12-01T20:58:07.195853,485,39.979,21.78,27.8,12499.2,0
2025-12-01T20:58:07.232599,486,31.203,27.27,27.9,12500.0,0
2025-12-01T20:58:07.278004,487,41.22,22.02,31.5,12509.5,0
2025-12-01T20:58:07.322835,488,39.096,22.25,22.6,12509.8,0
2025-12-01T20:58:07.363887,489,36.209,24.38,18.8,12509.8,0
2025-12-01T20:58:07.402627,490,34.359,25.83,15.2,12510.1,0
2025-12-01T20:58:07.441119,491,33.659,25.95,19.6,12510.1,0
2025-12-01T20:58:07.481854,492,35.551,24.53,20.4,12504.2,0
2025-12-01T20:58:07.519229,493,31.876,26.8,18.2,12504.2,0
2025-12-01T20:58:07.567041,494,42.941,21.04,21.1,12505.4,0
2025-12-01T20:58:07.618135,495,45.608,19.54,30.5,12506.7,0
2025-12-01T20:58:07.660708,496,37.499,23.45,23.5,12506.5,0
2025-12-01T20:58:07.693596,497,28.208,30.17,18.4,12506.5,0
2025-12-01T20:58:07.738258,498,40.224,22.46,17.3,12507.1,0
2025-12-01T20:58:07.774965,499,31.972,27.25,20.9,12507.0,0
2025-12-01T20:58:07.820859,500,41.209,21.87,20.0,12507.0,0
2025-12-01T20:58:07.866499,501,40.143,21.86,20.4,12506.0,0
2025-12-01T20:58:07.911433,502,39.117,22.25,20.8,12506.2,0
2025-12-01T20:58:07.949149,503,31.039,26.37,24.4,12506.2,0
2025-12-01T20:58:08.003101,504,47.943,18.65,25.0,12506.2,0
2025-12-01T20:58:08.048916,505,40.338,21.71,26.4,12506.5,0
2025-12-01T20:58:08.093330,506,39.128,22.49,17.3,12506.5,0
2025-12-01T20:58:08.131387,507,32.244,26.43,20.0,12506.5,0
2025-12-01T20:58:08.178646,508,41.284,21.18,16.4,12506.5,0
2025-12-01T20:58:08.226407,509,42.4,20.95,19.3,12506.5,0
2025-12-01T20:58:08.275725,510,42.141,20.28,20.3,12506.5,0
2025-12-01T20:58:08.316564,511,34.271,24.28,19.1,12506.5,0
2025-12-01T20:58:08.390470,512,67.926,13.59,82.8,12506.5,0
2025-12-01T20:58:08.423850,513,23.816,29.63,56.1,12506.7,0
2025-12-01T20:58:08.469585,514,41.508,22.02,21.8,12506.7,0
2025-12-01T20:58:08.511790,515,37.637,23.58,14.3,12506.7,0
2025-12-01T20:58:08.562672,516,44.087,19.76,74.1,12500.5,0
2025-12-01T20:58:08.632629,517,60.175,14.26,67.9,12507.5,0
2025-12-01T20:58:08.670320,518,32.493,26.49,15.9,12507.5,0
2025-12-01T20:58:08.704309,519,29.84,29.33,17.5,12507.8,0
2025-12-01T20:58:08.742681,520,33.665,26.1,17.8,12506.9,0
2025-12-01T20:58:08.814661,521,66.563,13.91,24.7,12506.6,0
2025-12-01T20:58:08.859043,522,38.409,22.62,21.2,12506.6,0
2025-12-01T20:58:08.902458,523,36.576,22.89,17.6,12506.6,0
2025-12-01T20:58:08.942324,524,35.211,25.09,16.7,12506.6,0
2025-12-01T20:58:08.977704,525,30.516,28.33,16.7,12506.6,0
2025-12-01T20:58:09.009749,526,27.589,31.17,16.2,12506.6,0
2025-12-01T20:58:09.053082,527,37.977,23.09,16.0,12506.6,0
2025-12-01T20:58:09.088682,528,30.396,28.11,18.2,12506.6,0
2025-12-01T20:58:09.128701,529,34.789,24.99,14.9,12506.6,0
2025-12-01T20:58:09.164033,530,29.812,28.21,17.1,12506.6,0
2025-12-01T20:58:09.200663,531,31.723,27.35,14.0,12506.6,0
2025-12-01T20:58:09.233737,532,28.31,30.2,15.4,12506.6,0
2025-12-01T20:58:09.267772,533,28.957,29.53,15.0,12506.6,0
2025-12-01T20:58:09.303516,534,31.337,27.84,23.3,12511.8,0
2025-12-01T20:58:09.342537,535,34.316,25.58,20.0,12507.5,0
2025-12-01T20:58:09.368616,536,21.419,38.66,13.8,12507.5,0
2025-12-01T20:58:09.393117,537,20.09,40.64,13.8,12507.5,0
2025-12-01T20:58:09.423308,538,25.099,33.15,16.2,12507.5,0
2025-12-01T20:58:09.450892,539,22.296,36.29,15.6,12507.5,0
2025-12-01T20:58:09.485779,540,29.712,28.67,18.6,12507.5,0
2025-12-01T20:58:09.519375,541,29.257,29.74,13.2,12507.5,0
2025-12-01T20:58:09.558474,542,34.181,25.58,13.0,12507.5,0
2025-12-01T20:58:09.595174,543,31.613,27.26,15.9,12507.5,0
2025-12-01T20:58:09.632048,544,31.814,27.09,15.9,12507.5,0
2025-12-01T20:58:09.670525,545,33.175,26.04,11.4,12507.5,0
2025-12-01T20:58:09.706754,546,30.967,27.54,15.9,12507.5,0
2025-12-01T20:58:09.739716,547,28.537,30.37,17.5,12507.6,0
2025-12-01T20:58:09.779178,548,34.106,25.39,13.3,12507.6,0
2025-12-01T20:58:09.816648,549,31.86,26.79,17.8,12507.6,0
2025-12-01T20:58:09.850327,550,28.763,29.41,17.1,12501.6,0
2025-12-01T20:58:09.883874,551,29.709,29.81,15.0,12501.1,0
2025-12-01T20:58:09.919526,552,31.058,28.05,14.3,12490.4,0
2025-12-01T20:58:09.951600,553,27.721,31.17,15.4,12490.4,0
2025-12-01T20:58:09.983005,554,26.961,31.96,16.2,12490.4,0
2025-12-01T20:58:10.021835,555,33.667,25.74,14.9,12490.4,0
2025-12-01T20:58:10.055663,556,29.649,29.57,13.2,12490.4,0
2025-12-01T20:58:10.088403,557,28.445,30.55,17.5,12490.4,0
2025-12-01T20:58:10.123591,558,30.193,28.39,14.6,12490.4,0
2025-12-01T20:58:10.152117,559,23.62,35.05,14.7,12490.4,0
2025-12-01T20:58:10.185305,560,28.037,30.16,13.2,12490.4,0
2025-12-01T20:58:10.219001,561,28.53,29.67,15.0,12490.4,0
2025-12-01T20:58:10.253006,562,29.66,29.41,12.8,12490.4,0
2025-12-01T20:58:10.291142,563,33.822,26.21,15.2,12490.4,0
2025-12-01T20:58:10.333735,564,37.023,23.62,22.4,12490.4,0
2025-12-01T20:58:10.379547,565,41.045,21.71,23.6,12490.4,0
2025-12-01T20:58:10.416666,566,32.412,26.89,15.6,12490.4,0
2025-12-01T20:58:10.451038,567,28.98,29.09,12.5,12490.4,0
2025-12-01T20:58:10.487606,568,31.902,27.38,22.2,12490.4,0
2025-12-01T20:58:10.522952,569,30.553,28.25,14.6,12490.4,0
2025-12-01T20:58:10.555375,570,27.332,30.9,15.4,12490.4,0
2025-12-01T20:58:10.585248,571,25.814,33.48,14.3,12490.4,0
2025-12-01T20:58:10.617879,572,27.588,30.68,12.8,12490.4,0
2025-12-01T20:58:10.652017,573,29.201,29.18,16.7,12490.4,0
2025-12-01T20:58:10.684622,574,27.999,30.68,13.2,12490.4,0
2025-12-01T20:58:10.716781,575,27.046,31.11,15.8,12490.4,0
2025-12-01T20:58:10.744420,576,23.037,36.14,17.6,12490.6,0
2025-12-01T20:58:10.796536,577,47.646,19.22,14.8,12490.6,0
2025-12-01T20:58:10.828191,578,27.009,31.55,13.5,12490.6,0
2025-12-01T20:58:10.863101,579,30.242,28.67,14.6,12490.6,0
2025-12-01T20:58:10.898065,580,29.99,28.61,12.2,12490.6,0
2025-12-01T20:58:10.936132,581,32.991,26.29,13.6,12490.6,0
2025-12-01T20:58:10.974321,582,32.929,26.2,15.6,12490.6,0
2025-12-01T20:58:11.010747,583,31.086,27.42,15.9,12490.6,0
2025-12-01T20:58:11.045809,584,29.826,28.53,16.7,12490.6,0
2025-12-01T20:58:11.079530,585,28.608,29.64,12.8,12490.6,0
2025-12-01T20:58:11.111690,586,27.587,31.32,15.4,12490.6,0
2025-12-01T20:58:11.144513,587,28.687,30.32,17.5,12490.6,0
2025-12-01T20:58:11.184625,588,34.843,24.89,14.6,12490.6,0
2025-12-01T20:58:11.220668,589,31.025,27.69,15.9,12490.6,0
2025-12-01T20:58:11.253451,590,27.839,30.49,15.4,12490.6,0
2025-12-01T20:58:11.284883,591,27.441,31.81,13.5,12490.6,0
2025-12-01T20:58:11.313703,592,24.271,34.65,17.6,12490.6,0
2025-12-01T20:58:11.368811,593,50.638,18.2,25.8,12495.4,0
2025-12-01T20:58:11.403871,594,29.326,28.46,16.7,12495.6,0
2025-12-01T20:58:11.436200,595,27.082,30.98,16.2,12495.6,0
2025-12-01T20:58:11.477723,596,35.944,24.18,16.0,12495.6,0
2025-12-01T20:58:11.523197,597,39.875,21.93,17.0,12495.6,0
2025-12-01T20:58:11.568520,598,39.848,22.04,20.0,12495.6,0
2025-12-01T20:58:11.606803,599,32.919,26.08,15.6,12495.6,0
2025-12-01T20:58:11.641137,600,29.039,29.15,14.6,12495.6,0
2025-12-01T20:58:11.678619,601,32.371,26.68,15.9,12495.6,0
2025-12-01T20:58:11.719991,602,36.421,24.12,22.4,12495.6,0
2025-12-01T20:58:11.796837,603,71.013,13.06,84.8,12511.6,0
2025-12-01T20:58:11.832723,604,26.661,27.75,38.1,12515.6,0
2025-12-01T20:58:11.867309,605,29.824,28.82,19.0,12515.6,0
2025-12-01T20:58:11.900595,606,28.559,30.12,13.2,12515.6,0
2025-12-01T20:58:11.936166,607,30.164,28.13,16.7,12515.6,0
2025-12-01T20:58:12.008778,608,66.51,13.83,85.1,12511.6,0
2025-12-01T20:58:12.059430,609,41.239,19.63,50.0,12523.7,0
2025-12-01T20:58:12.093729,610,26.272,29.04,17.5,12523.7,0
2025-12-01T20:58:12.136398,611,35.677,23.66,26.5,12527.8,0
2025-12-01T20:58:12.174372,612,31.155,26.18,25.0,12528.2,0
2025-12-01T20:58:12.231148,613,51.018,17.64,25.0,12528.2,0
2025-12-01T20:58:12.276680,614,38.621,22.0,22.2,12528.4,0
2025-12-01T20:58:12.312988,615,30.447,27.41,16.7,12528.4,0
2025-12-01T20:58:12.345886,616,27.757,30.39,27.5,12528.4,0
2025-12-01T20:58:12.378457,617,27.286,30.65,15.4,12528.4,0
2025-12-01T20:58:12.415555,618,32.118,26.95,15.9,12528.4,0
2025-12-01T20:58:12.469777,619,48.107,18.66,31.3,12528.7,0
2025-12-01T20:58:12.510982,620,35.581,23.84,35.4,12528.4,0
2025-12-01T20:58:12.539895,621,24.971,34.56,34.3,12529.7,0
2025-12-01T20:58:12.576700,622,32.498,27.42,22.7,12529.4,0
2025-12-01T20:58:12.621368,623,38.907,22.3,18.9,12529.7,0
2025-12-01T20:58:12.658005,624,30.805,27.31,20.5,12529.7,0
2025-12-01T20:58:12.699796,625,36.279,23.86,19.6,12529.7,0
2025-12-01T20:58:12.742856,626,38.219,23.24,16.0,12529.2,0
2025-12-01T20:58:12.781646,627,33.795,25.76,17.4,12529.2,0
2025-12-01T20:58:12.818238,628,31.707,27.42,19.0,12529.2,0
2025-12-01T20:58:12.851330,629,27.328,30.07,23.1,12529.7,0
2025-12-01T20:58:12.903885,630,47.773,19.15,26.2,12517.7,0
2025-12-01T20:58:12.955116,631,44.206,19.51,24.6,12517.9,0
2025-12-01T20:58:13.000265,632,38.574,22.05,18.9,12517.9,0
2025-12-01T20:58:13.038372,633,33.236,26.21,15.9,12517.9,0
2025-12-01T20:58:13.067658,634,25.11,34.17,19.4,12518.7,0
2025-12-01T20:58:13.102889,635,29.94,28.41,19.0,12518.7,0
2025-12-01T20:58:13.173821,636,65.113,14.1,91.8,12519.0,0
2025-12-01T20:58:13.225374,637,46.509,19.38,22.6,12523.2,0
2025-12-01T20:58:13.262626,638,32.445,26.81,18.2,12523.2,0
2025-12-01T20:58:13.295704,639,28.252,30.19,15.8,12523.2,0
2025-12-01T20:58:13.326461,640,26.465,32.47,18.4,12523.2,0
2025-12-01T20:58:13.351502,641,20.737,39.91,14.3,12523.2,0
2025-12-01T20:58:13.418074,642,62.128,15.03,88.6,12521.8,0
2025-12-01T20:58:13.456018,643,33.655,26.44,91.1,12517.4,0
2025-12-01T20:58:13.498688,644,36.09,23.47,76.5,12517.4,0
2025-12-01T20:58:13.535220,645,31.183,27.35,18.2,12518.0,0
2025-12-01T20:58:13.561575,646,21.361,37.88,13.3,12518.0,0
2025-12-01T20:58:13.593318,647,27.129,31.56,18.4,12518.0,0
2025-12-01T20:58:13.627190,648,29.266,29.46,14.6,12518.0,0
2025-12-01T20:58:13.662680,649,30.494,28.12,12.2,12518.0,0
2025-12-01T20:58:13.696572,650,29.518,29.53,17.1,12518.3,0
2025-12-01T20:58:13.728352,651,27.215,31.43,13.5,12518.3,0
2025-12-01T20:58:13.763836,652,31.341,28.27,16.7,12518.3,0
2025-12-01T20:58:13.803974,653,34.605,24.95,20.8,12518.3,0
2025-12-01T20:58:13.838104,654,29.952,29.19,17.5,12518.3,0
2025-12-01T20:58:13.873688,655,31.498,28.28,16.7,12517.8,0
2025-12-01T20:58:13.917009,656,38.077,22.95,17.6,12517.8,0
2025-12-01T20:58:13.950043,657,28.368,30.29,15.0,12517.8,0
2025-12-01T20:58:13.982310,658,27.376,30.99,15.8,12517.8,0
2025-12-01T20:58:14.013614,659,26.632,31.99,15.8,12517.8,0
2025-12-01T20:58:14.049087,660,30.639,28.18,14.3,12517.8,0
2025-12-01T20:58:14.080687,661,26.909,31.71,15.8,12517.8,0
2025-12-01T20:58:14.115462,662,30.008,28.67,14.6,12517.8,0
2025-12-01T20:58:14.148805,663,28.594,29.99,15.4,12518.0,0
2025-12-01T20:58:14.180498,664,27.72,31.52,17.9,12518.0,0
2025-12-01T20:58:14.212862,665,27.733,30.95,13.2,12518.0,0
2025-12-01T20:58:14.246478,666,28.976,29.71,15.0,12518.0,0
2025-12-01T20:58:14.279558,667,29.146,30.27,17.5,12518.0,0
2025-12-01T20:58:14.312672,668,27.671,30.24,15.4,12518.0,0
2025-12-01T20:58:14.345794,669,27.694,30.13,13.2,12518.0,0
2025-12-01T20:58:14.379174,670,29.199,29.95,19.5,12518.2,0
